text,label_class,label
"	
用户测试节点需要添加nis域",系统平台运维,0
"
作业所在路径：/share/home/shixq2/Janewendo/utchem/2rd_single
作业号：3670458
报错：
./utchem93.exe:errorwhileloadingsharedlibraries:libgfortran.so.5:cannotopensharedobjectfile:Nosuchfileordirectory",用户问题咨询,2
"#BSUB-e%J.err
#BSUB-o%J.out
这两个命令，可以生成标准输出和错误文件。我现在运行我的脚本，只有.err文件里面有内容，但是.out文件里面是空白的",用户问题咨询,2
（用时0.5天）编译安装R-4.0,软件安装,1
（用时1天多）帮用户安装Seurat和SCENIC俩个R包,软件安装,1
（用时半天）给一台gpu节点安装ansys2020软件,软件安装,1
（用时半天）给一台gpu节点安装ansys2020软件,用户问题咨询,2
（用时一小时）/gpfsDATA/apps/soft/R-3.6.1下安装R包（tidyverse和patchwork包）,软件安装,1
"/share/home/tzy/WRF_WPS_zjl/WPS运行bsub-qgpu_k40-n24./compilewps出现了以下问题
运行前尝试加载netcdf/4.2.1和netcdf/4.4_intel均会出现该问题。",用户问题咨询,2
?sqlite3undefinedreferenceto`sqlite3_column_table_name',用户问题咨询,2
1、Dell存储gpfs无法自动挂载,系统平台运维,0
"1、Hyperworks、Abaqus和Dyna近半年的使用率统计
2、license饱和使用率和峰值分布段
3、按软件统计作业数
4、一共有多少个节点可以计算对应软件",用户问题咨询,2
"1、io节点硬件故障，更换硬件后恢复gpfs
",系统平台运维,0
"1、Tanganran-ubuntu这台虚拟机测试登录失败
2、用户忘记用户名密码",系统平台运维,0
"1、Tanganran-ubuntu这台虚拟机测试登录失败
2、用户忘记用户名密码",系统平台运维,0
"1、登录节点增加gpfsquota空间使用提示信息；
2、修改文件权限",用户问题咨询,2
"1、快照数据，删除
2、离职用户：gs路径下的数据，用户注销后删除
3.删除结果统计到表",系统平台运维,0
"1、数据库无法连接
2、lftp无法连接",用户问题咨询,2
"1、数据库无法连接
2、lftp无法连接",本地现场巡检,4
"1、需要新建用户在/data2中自动生成同用户名目录
2、yzzhang有权限进入别人目录
3、普通用户之间无法查看目录或文件
4、/data/share下用户可以互相查看目录或文件",用户问题咨询,2
"1、用户密码策略：在用户创建和修改密码时候，如果密码不满足大写字母、小写字母、数字和特殊字符其中三项组合的，不予通过
2、CTCSCFD组中的xiayingbo和wumin的计算资源限制不在局限于256核",系统平台运维,0
1、执行报错，libpng12.so.0cannotopensharedobjectfile:nosuchfileordirectory,软件安装,1
"1.zstack平台license更换
2.计算节点扩容",软件安装,1
1.机房断电，集群停机恢复,系统平台运维,0
"1.两节点系统重装
2.安装docker，安装partis",系统平台运维,0
"1.取消zstack平台校园网络
2.堡垒机纳管虚拟机",系统平台运维,0
"1.取消zstack平台校园网络
2.堡垒机纳管虚拟机",系统平台运维,0
"1.新用户创建
2.虚拟机恢复",系统平台运维,0
"1.新用户创建
2.虚拟机恢复",软件安装,1
"1.用户lico新建用户后，没有创建家目录
2.用户xcat使用rpower重启节点报错
3.用户节点中存在python进程大量占用cpu资源",用户问题咨询,2
10.0.9.11集群lsdyna作业无法计算，处于排队状态，希望找到排队原因,系统平台运维,0
144核集群获取不到license,系统平台运维,0
144核集群提交作业排队,系统平台运维,0
144核集群占用大量license，导致其他集群license不可用,系统平台运维,0
144核连不上license,系统平台运维,0
247695、247676、247589任务作业卡在退出状态,系统平台运维,0
247872、247833作业显示running，但不计算,系统平台运维,0
256767作业自动失效,用户问题咨询,2
317657作业计算缓慢,系统平台运维,0
322950作业一直wait状态,系统平台运维,0
323746的abaqus任务，计算到一半退出了,系统平台运维,0
327990计算任务，只出第一步就卡住了，时间也不往后走，也不往下算，也不报错退出，就一直running,系统平台运维,0
329163作业一直排队,系统平台运维,0
332609作业计算慢,系统平台运维,0
337208作业提交后显示在计算，但一直没有输出结果,系统平台运维,0
"58n05:UCM:420b:290dcd80:-920568043us(-920568043us):DTOcompletionERR:status12,opOP_RDMA_READ,vendor_err0x81-0.0.0.0
[31:c58n05][../../src/mpid/ch3/channels/nemesis/netmod/dapl/dapl_send_rc.c:2422]IntelMPIfatalerror:ofa-v2-mlx4_0-1uDTOo",用户问题咨询,2
abu1用户libgfortran.so.3找不到“GFORTRAN_1.4”,用户问题咨询,2
abu用户安装wrf,软件安装,1
amd服务器opa卡维修,硬件运维,9
ams挖矿病毒处理,重大bug处理,3
ams挖矿病毒处理,OG产品日常维护,5
ansys2020软件安装,软件安装,1
ansys2020软件安装,软件安装,1
ASC比赛QQ群技术支持,系统平台运维,0
ASC比赛QQ群技术支持,硬件运维,9
bc01刀箱升级到centos7.8并恢复计算功能,系统平台运维,0
bc01刀箱升级到centos7.8并恢复计算功能,系统平台运维,0
bc01刀箱重新安装系统后无法启动，需要更改bios启动模式为legacy,系统平台运维,0
bc01刀箱重新安装系统后无法启动，需要更改bios启动模式为legacy,用户问题咨询,2
bc06刀箱升级自带IB交换机的微码,系统平台运维,0
bc06刀箱升级自带IB交换机的微码,用户问题咨询,2
bcpan用户下单超老师要求安装pymatgen和pymatgen-diffusion,用户问题咨询,2
bisp用户账号删除，禁止登录,系统平台运维,0
c01n01根目录磁盘空间满了,用户问题咨询,2
c01n01节点majing用户多次直接run作业,系统平台运维,0
c01n16、c02n09、c03n05、c03n08，c02n09节点异常重启,系统平台运维,0
c01n16、c02n09、c03n05、c03n08，c02n09节点异常重启,硬件运维,9
c01n16节点和c03n08节点经常自动重启，作业调度功能失效,系统平台运维,0
c01n16节点和c03n08节点经常自动重启，作业调度功能失效,硬件运维,9
c025、c029、c036节点宕机,系统平台运维,0
c02n01节点恢复使用，并设置企业网络IP地址,用户问题咨询,2
c02n01系统本地yum源无法使用，安装gcc编译软件,系统平台运维,0
c02n01系统重装，更换为centos7.6系统,系统平台运维,0
c02n04gpfs未挂载上,系统平台运维,0
c02n09节点异常重启，升级bios微码后依然会发生重启,系统平台运维,0
c02n09节点异常重启，升级bios微码后依然会发生重启,硬件运维,9
c04刀箱机器无法开机,硬件运维,9
c05n02节点运行wrf无法与其他节点并行,用户问题咨询,2
c05n02提交作业报错,用户问题咨询,2
c05n02重装操作系统,系统平台运维,0
c07n11节点内存报警，需要报修,系统平台运维,0
c07n11节点内存报警，需要报修,硬件运维,9
c07n13节点内存报错,系统平台运维,0
c07n13节点内存报错,硬件运维,9
"c17n04,c45n02节点黄灯报警",硬件运维,9
c23刀箱电源模块报警,硬件运维,9
c30n07内存报警,硬件运维,9
"c45n11,c08n06,c53硬件报警",硬件运维,9
c45n11刀片报警，cpu主板损坏,系统平台运维,0
c63刀箱电源模块故障,系统平台运维,0
c69刀箱突然掉电，不清楚问题原因，没有立即重启刀箱。到现场后发现硬件故障黄灯报警。,硬件运维,9
CAEGNS01、CAEGNS04、CAEGNS06dma安装,用户问题咨询,2
CAEGNS01、CAEGNS04、CAEGNS06pbs18安装,用户问题咨询,2
"CAEGNS01、CAEGNS06操作系统恢复
1、主机互信
2、nis安装
3、gpfs安装
4、ib驱动安装",用户问题咨询,2
CAEGNS05节点内存使用超过95%,系统平台运维,0
caegns06恢复上线,用户问题咨询,2
caegns07平台重新部署,系统平台运维,0
CAEGNS07中的pbs集成FEMFAT-DISP和Hyperworks,系统平台运维,0
caeope01节点硬盘故障，需要下线维护，完成后恢复上线使用,系统平台运维,0
CAEOPE01死机，无法ssh,硬件运维,9
caeope04硬盘故障，下线，硬盘更换后上线,硬件运维,9
caeope21节点需要挂载caegns08的home目录,系统平台运维,0
CAEOPE32节点能ping通，无法ssh,系统平台运维,0
caeope57/54节点无法ssh,系统平台运维,0
CAEOPE64节点PBS状态为down，用户无法使用；,系统平台运维,0
CAEOPE75CAEOPE81节点故障，下线处理,系统平台运维,0
caeope75无法上线,系统平台运维,0
caeope76节点ogcr告警内存和cpu使用率均过高,系统平台运维,0
CAEPOPE53节点宕机,硬件运维,9
"cmake编译报错
libstdc++.so:undefinedreferenceto`libiconv'
/share/apps/gcc/gcc9.2.0/lib/gcc/x86_64-pc-linux-gnu/9.2.0/../../../../lib64/libstdc++.so:undefinedreferenceto`libiconv_close'",用户问题咨询,2
company1用户无法访问其他用户家目录，需要能访问,系统平台运维,0
COVID_19队列用户pengz_N作业一直pend,系统平台运维,0
cuda10.1下没有libcublas.so,系统平台运维,0
d2集群ipmi密码过期，无法通过rpower管理,系统平台运维,0
d2集群ipmi密码过期，无法通过rpower管理,硬件运维,9
DDN存储界面报错,用户问题咨询,2
dell集群c01刀箱刀片无法启动,硬件运维,9
dell集群开机,系统平台运维,0
dell集群系统关机,系统平台运维,0
dongh_N作业报错“Toofewtasksrequested.Jobnotsubmitted”,用户问题咨询,2
ds存储掉了一个抽屉,硬件运维,9
dyna计算报错，排查报错原因,用户问题咨询,2
"dyna临时license下午发过来了，需要紧急部署；
不是替换现有，是把临时license400核附加上去；
第二个事，HPC上dyna应用提交选项需要临时添加E52667-16c-128G和E52667-16c-256G两个资源",系统平台运维,0
"ERROR:Couldnotfindaversionthatsatisfiestherequirementsegmentation_models_pytorch(fromversions:none)
ERROR:Nomatchingdistributionfoundforsegmentation_models_pytorch
改名称即可正确读取",用户问题咨询,2
fat_384队列限制240核之后，fat_384节点没有跑满，较多作业pend,系统平台运维,0
fat01节点无法登录,用户问题咨询,2
fat04网络调整，公网地址取消，源映射转发改到路由器,系统平台运维,0
fat06内存告警，gpu07节点硬盘故障,系统平台运维,0
fat06内存告警，gpu07节点硬盘故障,硬件运维,9
fat队列改所有用户核数限制240，（原来是720）,系统平台运维,0
fat队列配置,系统平台运维,0
fat队列配置,系统平台运维,0
fat节点lsf状态变为unavil，恢复上线,用户问题咨询,2
fat节点slurm状态变为down,系统平台运维,0
fat节点无法提交作业,系统平台运维,0
fat节点重起后无法挂载nfs,系统平台运维,0
femfat图形无法打开,用户问题咨询,2
FEMFAT运行报错,用户问题咨询,2
"gfortran主要是编译blas和lapack.这两个软件比较常用，不知道你们能不能在系统里直接安一下。
",用户问题咨询,2
gpfsscratch目录掉线,系统平台运维,0
gpfs查看mmgetstate查看是active，mmgetstate-a为Unknown状态,用户问题咨询,2
gpfs集群中添加节点，报错CCR初始化失败,系统平台运维,0
gpfs集群中添加节点，报错CCR初始化失败,软件安装,1
gpfs节点异常down机,用户问题咨询,2
gpu04节点故障，机器位置在空气开关机柜右侧,系统平台运维,0
gpu05-07恢复到hpc的GPU队列中,用户问题咨询,2
gpu05与gpu07并行比其余节点并行慢了一倍,重大bug处理,3
gpu07、fat05报修,硬件运维,9
GPU07节点故障硬盘更换后仍然出现红灯告警,系统平台运维,0
GPU07节点故障硬盘更换后仍然出现红灯告警,本地现场巡检,4
GPU12、GPU15节点lsf状态为unavail,系统平台运维,0
GPU15节点显卡驱动无法使用,软件安装,1
gpu15无法直接登录,系统平台运维,0
gpu节点多节点多卡运行作业,用户问题咨询,2
GPU节点添加内存后GPU应用测试,用户问题咨询,2
gpu节点无法提交作业，部分计算节点状态unavail,系统平台运维,0
gpu节点无法提交作业，部分计算节点状态unavail,软件安装,1
gpu节点运行作业，运行状态变为D,用户问题咨询,2
graduate队列中的20个节点加入到fat节点中,系统平台运维,0
graduate队列作业允许80核提交，但是限制在一个节点之内运行,系统平台运维,0
hanchenyang用户在web页面上点击提交按钮，闪了一下后没有任何变化，任务也没有提交,系统平台运维,0
HP集群中毒，在/tmp/./目录下放置名为ssh挖矿脚本,软件安装,1
HP集群中毒，在/tmp/./目录下放置名为ssh挖矿脚本,远程巡检,7
huangyanlong用户提交作业页面报错,用户问题咨询,2
IBM故障硬件统计,系统平台运维,0
IBM故障硬件统计,硬件运维,9
IBM集群空调宕机,软件安装,1
IBM集群空调宕机,硬件运维,9
IBM老集群开机,系统平台运维,0
IBM老集群系统关机,系统平台运维,0
IBM小集群开机,系统平台运维,0
IBM小集群系统关机,系统平台运维,0
intel编译器Lic过期,系统平台运维,0
jiahuan用户打开vnc黑屏,用户问题咨询,2
job01和job02的ldap用户信息不同步，导致节点间用户信息不一致,用户问题咨询,2
ldap中删除用户,用户问题咨询,2
lenvov新集群开机,系统平台运维,0
lenvov新集群系统关机,系统平台运维,0
libo和tanbinghua两个账户有qsub命令不能运行的问题（跟可以运行的panwenjie和xulixiao账户对比一下，看是用户环境设置问题还是其他原因）,系统平台运维,0
lico没有启动，需要启动,系统平台运维,0
lililei1用户限制核数改成3024，用户计算资源使用结束，将配置改回。2020-03-27修改，4.14改回。,系统平台运维,0
lililei4账号无法登陆,用户问题咨询,2
lililei4账号无法登陆,用户问题咨询,2
lililei用户2438388作业计算完毕，收集相关作业信息上传lsf,用户问题咨询,2
lingw用户需要打开系统最大文件数,系统平台运维,0
liulixue用户无法提交作业,系统平台运维,0
liwe老师学生Gaussian09软件调用,用户问题咨询,2
liziyue用户告知提交的作业没有id号,系统平台运维,0
liziyue用户没有权限在/data4目录拷贝数据,系统平台运维,0
log节点无法登录,系统平台运维,0
lsf队列及资源配置处理,系统平台运维,0
lsf提交matlab不计算,系统平台运维,0
lsf提交matlab不计算,用户问题咨询,2
lsf资源配置及权限问题处理,系统平台运维,0
lsf资源配置及权限问题处理,系统平台运维,0
lsf资源配置问题处理,系统平台运维,0
lvlu登陆失败,用户问题咨询,2
mgt节点root登录密码不正确，需要普通用户登录后再su,系统平台运维,0
module使用问题处理,系统平台运维,0
mpirun提交test.m作业无法计算,系统平台运维,0
mpirun提交test.m作业无法计算,用户问题咨询,2
"mpi遇到forrtl:server(174):SIGSEGV,segmentationfaultoccurred",用户问题咨询,2
nano环境下安装pytorch,系统平台运维,0
nano环境下安装pytorch,软件安装,1
"netcdfCompilingatestwithHDF5failed.Eitherhdf5.hcannotbefound,",用户问题咨询,2
njushiweiy用户账号写入异常,用户问题咨询,2
node01失联，虚拟机状态异常,系统平台运维,0
node01失联，虚拟机状态异常,系统平台运维,0
node02、node03无法提交作业,系统平台运维,0
node-1内存剩余只有3G,系统平台运维,0
node24与node28硬件黄灯报警,硬件运维,9
node32改为windows节点，从列表删除,硬件运维,9
OGCR报警CAEOPE06负载过高告警,系统平台运维,0
OGCR报警俩个CAESNS02节点负载过高,系统平台运维,0
ogcr报警三个作业状态为W排查,系统平台运维,0
ogsp1.0用户数据整理成ogsp2.5数据格式,OG产品用户新增需求,8
openpbs提交作业不能并行,用户问题咨询,2
paraview无法运行,用户问题咨询,2
"pbsnodesc05n01的Mom值=c05n01,c05n02需要修改",用户问题咨询,2
"pbsweb页面无法打开
打开后输入密码提示密码不正确",系统平台运维,0
pbs集成crachfem和ldyna耦合,系统平台运维,0
pbs页面上无法显示集群监控信息,系统平台运维,0
pengzh_N用户无法登录，密码重置,用户问题咨询,2
pengzhen用户申请新冠队列。新开账号pengzh_N,系统平台运维,0
phono3py软件安装,软件安装,1
phono3py软件安装,软件安装,1
"PMPIDI_CH3I_Progress(845):failfailed
(unknown)():InternalMPIerror!
FatalerrorinPMPI_Alltoallv:InternalMPIerror!,errorstack:
PMPI_Alltoallv(665)......:MPI_Alltoallv(sbuf=0x2adfbd129020,scnts=0x277a480,sdispls=0x277a680,MPI_REAL,rbuf=0x2ad",用户问题咨询,2
"pshgpudmidecode|grep""SystemInformation""-A9|egrep""Manufacturer|Product|Serial""
批量导出sn号",系统平台运维,0
python依赖包efficientnet_pytorch-0.6.3.tar.gz无法直接pipinstall安装,用户问题咨询,2
pytorch安装anaconda,系统平台运维,0
pytorch安装anaconda,用户问题咨询,2
pytorch安装python,系统平台运维,0
pytorch安装python,用户问题咨询,2
rack01-rack04宕机,系统平台运维,0
rack01-rack04宕机,软件安装,1
rv08应用计算资源使用不合理，修改配置测试,用户问题咨询,2
"R库安装报错
ERROR:dependencies‘sp’,‘Rcpp’arenotavailableforpackage‘raster’",用户问题咨询,2
shenqi和sunkaixiang用户ssh到CAEGNS04/05/06/07节点互信故障,系统平台运维,0
shixq用户总作业报错报错信息：/share/home/shixq2/.lsbatch/1606873229.3526500.shell:line1:UB:commandnotfound,用户问题咨询,2
shuai.dong用户需要在Python中安装phonopy模块,系统平台运维,0
shuai.dong用户需要在Python中安装phonopy模块,软件安装,1
"shuhua,shuhua1账号64核运行高斯软件，没有跑满80核",系统平台运维,0
smbforwin这个samba用户挂载linux的gpfs，使用提示notenoughspaceonyiloong,用户问题咨询,2
softVPN无法连接,系统平台运维,0
softVPN无法连接,用户问题咨询,2
squid无法启动，/etc/init.d/squidline4214902Aborted,系统平台运维,0
squid无法启动，/etc/init.d/squidline4214902Aborted,本地现场巡检,4
ssct2t所赐频繁登录,系统平台运维,0
ssd突然无法挂载,系统平台运维,0
"STAR-CCM+新提交计算显示RUNNING,但是实际不计算",系统平台运维,0
starccm作业运行没有输出,系统平台运维,0
sunkaixiang用户无法提交作业,系统平台运维,0
torque服务状态正常，pbsnodes等命令提示连接不到服务器,系统平台运维,0
"twangz账号卡顿，登录缓慢
集群其他账号登录均正常",用户问题咨询,2
ubuntu18和16利用xcat分发测试,软件安装,1
ubuntu18和16利用xcat分发测试,重大bug处理,3
veiga4无法登陆，密码重置,用户问题咨询,2
"veiga5安装python3.7.6以及需要安装的packages如下
安装路径：~/apps/python3.7.6
netCDF4forPython
pandas
numpy
psycopg2
psutil
matplotlib",用户问题咨询,2
vpn统一用户管理,软件安装,1
vscode无法打开图形,OG产品日常维护,5
VWT软件集成到PBS,软件安装,1
wangjunzhong用户无法提交作业，提示source未知,系统平台运维,0
wangyinci用户提交不了显示任务,系统平台运维,0
wangyingying用户提交的nastran-smp作业无法计算成功，一直处于计算中，小的算例可以，大的不行，且同样的模型，我用optistruct可以计算成功,系统平台运维,0
wangyingying用户在新的图形节点，用FEMFAT-DISP提交上去后，开始是running，几秒钟之后变成waiting状态，问题解决后编写处理报告,系统平台运维,0
wangzs登录失败，密码修改,用户问题咨询,2
"WARNING:Therearemorethanoneactiveportsonhost'gpu07',butthe
defaultsubnetGIDprefixwasdetectedonmorethanoneofthese
ports.IftheseportsareconnectedtodifferentphysicalIB
networks,thisconfigurationwillfailinOpenMPI.",用户问题咨询,2
win10虚拟机无法通过堡垒机登录测试,用户问题咨询,2
windows云主机无法挂载1T的云硬盘，存储管理中识别不到,系统平台运维,0
windows云主机无法远程，打开是黑屏,系统平台运维,0
wl_amorn用户账号到期,系统平台运维,0
wl_amorn用户账号到期,本地现场巡检,4
work1节点系统密码被更改,系统平台运维,0
WVT问题处理，打开只显示头部分,重大bug处理,3
x3650管理节点密码重置,系统平台运维,0
xdtang作业c01n01登陆节点上提交作业。killall-uxdtang删掉所有该节点该用户作业进程。通知唐老师之后，得知是毕业学生私自登录使用。已重置该账号密码,系统平台运维,0
xkzeng账号创建，地球科学学院,系统平台运维,0
Xmanager、Xming、Teamviewer这几种方式想远程连接集群使其图形化，可最终都失败,用户问题咨询,2
xpli@seu.edu.cn帐号无法登录,系统平台运维,0
xpli@seu.edu.cn帐号无法登录,用户问题咨询,2
yangguoxiong用户无法提交作业,系统平台运维,0
yangguoxiong用户在pbs页面上上传算力文件失败,系统平台运维,0
yangjh用户提交任务的时候还没跑就直接断掉,用户问题咨询,2
yangjh用户往服务器上上传文件，老是提示，文件已存在是否覆盖。确认覆盖后，原本12K的文件，却显示为0K。下载下来之后确实变成了空文件。,用户问题咨询,2
yuanhl12三个账户加入毕业生队列,系统平台运维,0
"yuanhl1作业中断killedbyowner:3350975和3351351
exitedwithexitcode1:3349803
exitedwithexitcode15:3354712334658633469943349085
另外执行程序里面有移动计算结果，然后再交下一个成员，循环的，有时候还",用户问题咨询,2
yuankwmatlab添加环境变量matlab调用的时候我需要将一些写好的function文件加入到工作路径里面使用，不太了解服务器上Linux系统如何添加VSCode登录的服务器，但是一直不稳定不断地显示重新连接,用户问题咨询,2
yuankw下午提交了作业，应该是成功提交了，但是一直都显示Notyetstarted.,用户问题咨询,2
yuankw运行matlab又出现问题了,用户问题咨询,2
yuchen用户使用2080node1-2节点,系统平台运维,0
yuchen用户使用2080node1-2节点,系统平台运维,0
ZhangJ这个账号无法登录c02n02节点,系统平台运维,0
zmtan1加入毕业生队列,系统平台运维,0
"zmtan老师学生提交gpu计算，发现未调用gpu
CannotdlopensomeGPUlibraries.Pleasemakesurethemissinglibrariesmentionedaboveareinstal",用户问题咨询,2
zmtan用户指定gpu作业报错,用户问题咨询,2
zmtan账号在交mpi任务时出现了一些问题，排队很久都交不上，用bqueues-lmpi命令查看后，发现zmtan账号下的RESERVED一栏显示和其他账号的显示都不同：zmtan为48,用户问题咨询,2
zstackUI服务无法启动，平台功能异常,系统平台运维,0
zstackUI服务无法启动，平台功能异常,系统平台运维,0
zstack平台node-24物理机失恋，虚拟机状态异常,系统平台运维,0
zstack平台node-24物理机失恋，虚拟机状态异常,软件安装,1
zstack平台虚拟机中毒,系统平台运维,0
zstack平台虚拟机中毒,系统平台运维,0
zstack云平台中云主机属于哪个用户的选项不见了,用户问题咨询,2
zxchen3用户作业莫名其妙地被终止，有一个作业，作业号3412007，今天上午五点钟提交，十点钟终止，我想问一下是什么原因呀，实际上已经有多次莫名终止了，我看output里是被owner杀掉的,用户问题咨询,2
zxchen3用户作业莫名其妙地被终止，有一个作业，作业号3412007，今天上午五点钟提交，十点钟终止，我想问一下是什么原因呀，实际上已经有多次莫名终止了，我看output里是被owner杀掉的,用户问题咨询,2
zxchen用户的学生表示5个16核并行vasp计算效率不高,用户问题咨询,2
zxchen账号提交graduate的作业2086590只用了不到40核,系统平台运维,0
阿波罗、c02n09内存报修,软件安装,1
阿波罗、c02n09内存报修,硬件运维,9
安装AcuFv,软件安装,1
安装cmake3.12orlater,软件安装,1
安装ftp服务,软件安装,1
安装ganglia,软件安装,1
安装hyperworks13补丁,软件安装,1
安装hyperworks2017.3,软件安装,1
安装keras,软件安装,1
安装libfontconfig.so.1,软件安装,1
安装lsf,系统平台运维,0
安装Madymo和dyna的耦合,软件安装,1
安装nanoFluidX,软件安装,1
安装opencv,软件安装,1
安装opencv,软件安装,1
安装phono3py软件,软件安装,1
安装phono3py软件,软件安装,1
"安装pkg-config时遇到""glib-2.0>=2.16""
",用户问题咨询,2
"安装pnetcdf
报错InvalidMPIcompilerspecifiedordetected",用户问题咨询,2
安装psycopg2的问题:pg_configexecutablenotfound,用户问题咨询,2
安装rar压缩工具,软件安装,1
安装StarCCM14.06R8破解版,用户问题咨询,2
安装StringTie软件,软件安装,1
安装VisualStudioCode,系统平台运维,0
安装VisualStudioCode,软件安装,1
"安装了一个量子化学程序ORCA-4.2.1版本,，可以成功在单CPU下
moduleloadopenmpi/3.1.4_intel

但程序报错，.err文件显示无法找到libimf.so动态库文件。

mpirun:errorwhileloadingsharedlibraries:libimf.so:cannotop",用户问题咨询,2
安装软件lmhostid缺少redhat-lsb.i686包,用户问题咨询,2
办公室可以连接10.105.100.201，集群不能连上,系统平台运维,0
帮客户安装github开源工具MonSTR,软件安装,1
帮客户删除已确认的存储目录，释放空间,系统平台运维,0
帮用户部署caeope22节点基础环境以及pbs环境,软件安装,1
帮用户尝试用新方法安装GangSTR-2.5.0,软件安装,1
帮用户删除pbs中离职用户的信息,系统平台运维,0
堡垒机的系统账号无法创建成功,系统平台运维,0
堡垒机登陆场测试失败以及在linux系统中挂载云盘,系统平台运维,0
堡垒机登陆场测试失败以及在linux系统中挂载云盘,用户问题咨询,2
堡垒机看不到loginn02节点,系统平台运维,0
堡垒机看不到loginn02节点,用户问题咨询,2
堡垒机里面两个设备使用的是同一个IP地址，导致操作无法进行,用户问题咨询,2
堡垒机账号需要设置为管理员账号,系统平台运维,0
报错/share/home/veiga5/apps/R-3.6.0/lib64/R/bin/exec/R:errorwhileloadingsharedlibraries:libgfortran.so.5:cannotopensharedobjectfile:Nosuchfileordirectory,用户问题咨询,2
"报错Compilationfailswith“relocationR_X86_64_32against`.rodata.str1.8'cannotbeusedwhenmakingasharedobject”
AskQuestion",用户问题咨询,2
报错ndefinedreferenceto`ompi_mpi_char',用户问题咨询,2
"报错OSError:Unabletodownload'ffmpeg-linux64-v3.3.1'.Perhapsthereisanointernetconnection?Ifthereis,pleasereportthisproblem",用户问题咨询,2
"报错src/query_smp.c:199;umad(DRpathslid0;dlid0;0,1,15,19,21,16,3Attr0x11:0)badstatus110;Connectiontimedout
8",系统平台运维,0
毕业生队列用户加入，限制核数320,系统平台运维,0
编写“福州物构所文件系统排查说明”文档,系统平台运维,0
编写dynalicens替换和配置手册,系统平台运维,0
编写集群巡检脚本,系统平台运维,0
编写奇瑞工作站实施方案,系统平台运维,0
编写事故分析报告,系统平台运维,0
编写中肿事故报告,系统平台运维,0
编写自动清理30天以上旧数据脚本，并加入定时任务，每晚12点自动执行,系统平台运维,0
病毒处理,系统平台运维,0
病毒处理,用户问题咨询,2
病毒处理,用户问题咨询,2
病毒处理,用户问题咨询,2
部分用户打开vnc黑屏,用户问题咨询,2
部署lsf，配置队列规则，编写用户使用手册,软件安装,1
测试arangodb数据库是否兼容文件系统，看一下是需要块设备还是需要文件系统,系统平台运维,0
查看c01n01、sd01n01、fat01、fat05、gpu08、gpu20的内存插槽数,用户问题咨询,2
查看lsf提交作业的目录是/share还是/scratch,系统平台运维,0
柴人杰老师学生张超，集群无法写入数据，作业计算失败,用户问题咨询,2
程序运行几个小时后，会降低使用的CPU个数,用户问题咨询,2
创建conda环境，提示http错误。,系统平台运维,0
创建conda环境，提示http错误。,用户问题咨询,2
创建一台ubuntu18.04的qcow2镜像,系统平台运维,0
磁盘配额导入具体操作记录,系统平台运维,0
从ASM集群的节点中找出58个节点，给的用户们参加ASC比赛，并在登录节点创建对应的用户，以及在每个节点上创建一个用户,系统平台运维,0
从ASM集群的节点中找出58个节点，给的用户们参加ASC比赛，并在登录节点创建对应的用户，以及在每个节点上创建一个用户,硬件运维,9
"从电脑上向服务器上传文件的时候遇到了如下问题：

一般错误(服务器应该提供错误描述)。
错误码：4
服务器返回的错误消息：Failure
",用户问题咨询,2
存储坏盘，更换硬盘,系统平台运维,0
搭建一个ftp共享平台，建立一个通用账号，windows下只能上传下载不能删除,软件安装,1
大气xiaoran账号创建,系统平台运维,0
大气学院qixm账号创建,系统平台运维,0
大气用户sunpeng账号创建,系统平台运维,0
"大气院新建账号veiga，ogsp系统中新建veiga组,组计费。ess和ssd磁盘容量不限",系统平台运维,0
大数据中心资源统计,系统平台运维,0
大数据中心资源统计,系统平台运维,0
当前服务器cuda的版本默认是10.0，请问如何更改其为10.1,用户问题咨询,2
刀箱内置交换机配置,用户问题咨询,2
地海院博四学生姚玉龙，账号为:zouxq。matlabjob提交后有错误,用户问题咨询,2
地科用户dsc账号创建,系统平台运维,0
地科院benjunwu账号创建,系统平台运维,0
地科账号yuankw账号创建,系统平台运维,0
地理海洋yangnju1/yangnju2/yangnju3账号创建,系统平台运维,0
登录节点glibc版本为2.18，计算节点为2.17，导致新安装程序运行报错，升级所有计算节点glibc版本到2.18,系统平台运维,0
登录节点glibc版本为2.18，计算节点为2.17，导致新安装程序运行报错，升级所有计算节点glibc版本到2.18,软件安装,1
邓老师反馈，队列管理页面，已经配置的队列不能够进行编辑了,OG产品BUG,6
调整normal队列,系统平台运维,0
调整PWT-STR核数为320c,系统平台运维,0
调整我作业结构，这样我少排队，比如我一下子申请240核，然后我这一串作业都在这下面排队运行，通过改脚本能实现,用户问题咨询,2
调整应用计算时长，starccm+最长运行时间48小时，其他最长运行时间24小时,系统平台运维,0
董老师要求使用毕业生队列graduate的学生，一个账号对应一名学生，需新建账号。,系统平台运维,0
多个节点outofmemory,用户问题咨询,2
多个用户使用python3.7版本，集群安装python3.7.6,系统平台运维,0
"多位用户10.1lsb_pjob_send_requests:lsb_pjob_getAckReturnfailedonhost<c02n07>,lsberrno<0>报错",系统平台运维,0
反馈调整虚拟机ip地址后无法登录,用户问题咨询,2
反馈调整虚拟机ip地址后无法登录,远程巡检,7
防火墙配置,系统平台运维,0
防火墙线缆连接更改,系统平台运维,0
防火墙线缆连接更改,系统平台运维,0
复旦发现扩容前大部分节点ib地址没有配，nfs没有挂载，module环境没做，pbs配置文件丢失，nis配置丢失。,系统平台运维,0
高士祥ecsxg加入毕业生队列,系统平台运维,0
高斯09计算报错,用户问题咨询,2
各个计算机点/opt下安装singularity,系统平台运维,0
给caegns07节点安装ib驱动和gpfs，并恢复到原有集群,系统平台运维,0
给E52667-16c-64G增加nastran应用，同时将Nastran-smp提交选项中添加E52667-16c-64G类型,系统平台运维,0
给PE和VISS组开通一个单独的文件夹权限,系统平台运维,0
给xulixiao用户增加/gs2/CAE-share/dyna_blade权限,系统平台运维,0
给毕业生提供计算资源，本来计划在fat队列提高毕业生账号的优先级。然后决定从原来的fat队列中踢出20个节点，新建毕业生队列。,系统平台运维,0
给计算节点03、08、09做linpack测试,系统平台运维,0
给奇瑞提供目录访问控制的测试方案以及自测,系统平台运维,0
给一台gpu虚拟机安装ogcr,OG产品日常维护,5
根据奇瑞提供的用户离职表，统计离职用户在/gs和/gs2目录中使用的文件路径,系统平台运维,0
"更换c66,c67,c68刀箱和c72,c73.c74刀箱电源所在位置
均衡pdu负载",系统平台运维,0
更换hwlicense后，检查集群是否正常,系统平台运维,0
更换电源后c01n01重新上线,系统平台运维,0
更换浪潮集群ib卡,硬件运维,9
更换浪潮集群ib卡3,硬件运维,9
更新anaconda(版本由4.6.11更新至4.7.10)，更新pytorch（版本由1.1.0到1.6.0）之后运行相同文件出现了报错。SyntaxError:invalidsyntax,用户问题咨询,2
更新ubuntu18.04的模板，安装net-tools工具,系统平台运维,0
更新ubuntu18.04的模板，安装net-tools工具,用户问题咨询,2
更新zstack云平台的win10模板，安装性能优化工具,软件安装,1
挂载nas存储,用户问题咨询,2
挂载硬盘给虚拟机以后，普通用户上传文件只能上传到自身家目录下，询问是否可以上传到挂载的/data下,用户问题咨询,2
管理节点负载过高，wps等命令无法执行,用户问题咨询,2
管理节点重起恢复,用户问题咨询,2
"海宁gpu节点单节点运行其他应用正常，其他应用并行也可以。rev14应用不能并行但这个应用gpu01和gpu02并行就可以，其余gpu节点并行就不可以。
",用户问题咨询,2
胡老师提出有几个用户已经在集群、堡垒机、ldap上全部彻底删除，也想在ogsp端统一彻底删除这些用户。现在ogsp只是把用户放到回收站。没有彻底删除的功能，如果想要删除的话需要操作数据库,OG产品日常维护,5
华为云gpu节点替换license,系统平台运维,0
华为云HPC更换license,系统平台运维,0
华为云平台替换license,系统平台运维,0
华为云提交作业到普通计算节点失败,系统平台运维,0
化学院jiwj账号创建,系统平台运维,0
化学院账号xjin创建,系统平台运维,0
环控界面转发,系统平台运维,0
环控界面转发,系统平台运维,0
环控维修对接，zstack云平台维护,系统平台运维,0
环控维修对接，zstack云平台维护,本地现场巡检,4
恢复caegns06上线,系统平台运维,0
获取gpu卡信息,用户问题咨询,2
获取去年使用情况,用户问题咨询,2
机房服务器巡检,本地现场巡检,4
机房巡检,本地现场巡检,4
集成AcuFv,用户问题咨询,2
集成hyperworks2017.3版本应用,软件安装,1
集成nanoFluidX,用户问题咨询,2
集成ultraFluidX,用户问题咨询,2
集成新版本hyperworks,软件安装,1
集群被入侵，挖矿！,系统平台运维,0
集群被入侵，挖矿！,系统平台运维,0
集群登录界面通知vim/etc/motd,系统平台运维,0
集群断电，启动lsf时sbatchd显示stopped,系统平台运维,0
集群断电恢复,系统平台运维,0
集群断电与开机,系统平台运维,0
集群关机,系统平台运维,0
集群开机,系统平台运维,0
集群停电开机,系统平台运维,0
集群无法写入数据，作业计算失败,远程巡检,7
"集群需要帮忙安装一个gcc,建议使用源码方式安装，安装到/gpfsdata/apps中
用户下载并上传了gcc-7.4.0/gpfsdata/home/jiahuan/app/gcc-7.4.0",系统平台运维,0
集群巡检发现server节点df-h无法显示,系统平台运维,0
集群优化，关闭dhcp，关闭NetowrkManager，关闭更新dns证书,用户问题咨询,2
集群重起，恢复集群使用,系统平台运维,0
计费系统未启动,系统平台运维,0
计算集群中有几个节点状态为unavail,系统平台运维,0
计算集群中有几个节点状态为unavail,硬件运维,9
计算节点大部门pbs状态为down,系统平台运维,0
计算节点刀箱bc03的操作系统有bug，需要升级到7.8，并恢复节点lsf为可用,系统平台运维,0
计算节点刀箱bc03的操作系统有bug，需要升级到7.8，并恢复节点lsf为可用,系统平台运维,0
计算节点刀箱bc07的操作系统有bug，需要升级到7.8，并恢复节点lsf为可用,系统平台运维,0
技嘉更换服务器上架,硬件运维,9
"监控一下胖节点是否用满80个核,提醒所有胖节点用户都可以用8的整数倍提交作业",系统平台运维,0
检查大气组磁盘容量发现大气组/scratch目录下磁盘容量即将满额，邮件通知部分用户及时清理/scratch家目录下的文件,系统平台运维,0
将abu1家目录中jjzheng文件夹中所有内容复制到abu2中,用户问题咨询,2
将c001到c030节点设置为禁止用户登录,系统平台运维,0
将caeope09节点恢复上线,系统平台运维,0
将caeope23节点也加到RACK试算资源池，参照dyana-test设置一个任务最大运行时长,系统平台运维,0
将dynalicense恢复成原来的,系统平台运维,0
将E52667-16c-128G和E52667-16c-256G计算资源共享给starccm求解器,用户问题咨询,2
将gust01在S002使用内存限制在250G，再设置一下他使用的单个节点限制为c001-c010,系统平台运维,0
将Preonlab集成到新旧俩个pbs上,系统平台运维,0
将巡检结果和三期的linpack和iozone测试结果对比，作出分析报告，并提出一些相关建议。,系统平台运维,0
焦双pbsui界面无法登录,用户问题咨询,2
节点经常unavailable状态,用户问题咨询,2
紧急的资源调整需求，要把Optistruct求解器提交选项里增加Blade和Dyna_test-Dyna节点。Dyna_test-Dyna节点增加optistruct的求解器标签。,用户问题咨询,2
"近期我们在南大超算发现ssct2t账号频繁登录，请问这个账号目前使用正常嘛？
为了避免被误认为异常账号，建议每次间隔在两分钟之内",系统平台运维,0
禁止下这个guest01账户除了S002以外其他节点提交任务。,系统平台运维,0
禁止用户lilin登录,系统平台运维,0
客户反馈软件运行失败，提示topfailedttyget,软件安装,1
客户将服务器移出集群重新安装操作系统，安装使用中无法识别磁盘。,软件安装,1
客户使用gdal无法支持hdf4和hdf5，需要安装支持。,软件安装,1
客户提出gpu节点异常宕机，需要判断原因。安装ganglia进行监控。另外反馈用户提交软件到调度运行失败。,用户问题咨询,2
客户提出帮忙登录华为云，检查下操作卡不卡,系统平台运维,0
客户在管理服务器查看到异常进程，运行进程的1005用户不显示用户名。,用户问题咨询,2
客户咨询文件权限配置,系统平台运维,0
匡亚明学院kymxy/kymxy2/kymxy3账号创建,系统平台运维,0
浪潮集群ib卡无法识别,硬件运维,9
浪潮集群开机,系统平台运维,0
浪潮集群系统关机,系统平台运维,0
老师发现ddn存储亮黄灯，问题排查,硬件运维,9
麦洛斯厂商ib线收货，50根15m。,硬件运维,9
每个账户的存储上限，这里跑实验经常出现Diskquotaexceeded,用户问题咨询,2
每个账户的存储上限，这里跑实验经常出现Diskquotaexceeded,用户问题咨询,2
命令行返回时俄文,系统平台运维,0
南大c15刀箱微码是1.6.0版本，16年未升级，使用过程中出现问题。,系统平台运维,0
南大地科用户hewei安装R-3.6.1,用户问题咨询,2
南大地科用户李伟账号创建，需要gpu权限,系统平台运维,0
南大化院用户zhouyz无法上传文件,用户问题咨询,2
南大环境学院njushiwei写入文件报错,用户问题咨询,2
南大环境用户njushiwei文件无法上传，打开读写非常慢,用户问题咨询,2
"南大现工院账号keyuxia创建
磁盘容量3T",系统平台运维,0
南大新建用户sunrc,系统平台运维,0
"南大新建用户地科院ggwang
需要gpu资源",系统平台运维,0
"南大新建用户地科院lijuan
需要gpu资源",系统平台运维,0
南大用户abu1wrf3.7和jasper2.0.6报错make[2]:[enc_jpeg2000.o]Error2(ignored),用户问题咨询,2
南大用户abu1编译wrf报错Error:Notbuildinggeogrid.CheckwhetherWRFiscompiledin/share/home/abu1/abu/WRFV4.0/WPS/../WRFV3,用户问题咨询,2
"南大用户abu在/share/home/abu/WRF/WPS这个目录下进行./ungrib.exe时遇到
./ungrib.exe:errorwhileloadingsharedlibraries:libpng16.so.16:cannotopensharedobjectfile:Nosuchfileordirectory",用户问题咨询,2
"南大用户abu在目录/share/home/abu/WRFV3.9.1_XJ/WRFV3/run
./real.exe:errorwhileloadingsharedlibraries:libhdf5_fortran.so.10:cannotopensharedobjectfile:Nosuchfileordirectory",用户问题咨询,2
南大用户hewei需要安装R-3.6.1,用户问题咨询,2
南大用户hlchen无法登录,用户问题咨询,2
"南大用户lingxl登录报错bash:sed:commandnotfound...
bash:uname:commandnotfound...
WARNING:'gcc'wasnotfound
WARNING:'gcc'wasnotfound
bash:uname:commandnotfound...
[lingxl@c01n04~]$ls
bash:ls:commandnotfound...
Similarcomman",用户问题咨询,2
南大用户liuhn更换netcdf_4.4intel后报错,用户问题咨询,2
南大用户liuhn作业运行问题。用户检查自己环境变量，还有通过lddwrf.exe都能看到这个库已经连接到了这个执行程序上，运行的时候，netcdf还是会报错,用户问题咨询,2
南大用户quxl使用g09报错,用户问题咨询,2
"南大用户wangdh1作业脚本报错
/share/home/wangdh7/.lsbatch/1595382131.2668480:/share/home/wangdh7/.lsbatch/1595382131.2668480.shell:/bin/bash^M:badinterpreter:Nosuchfileordirectory",用户问题咨询,2
南大用户wangmy调用gaussian,用户问题咨询,2
"南大用户wangmy调用集群g09,作业运行报错",系统平台运维,0
南大用户yizhangc69n01节点作业运行结束时间变长,系统平台运维,0
南大用户yliang咨询gauss软件如何提交作业，g09加作业是否可以直接调取,用户问题咨询,2
南大用户ypguo需要使用perllibxml模块,系统平台运维,0
南大用户zhangyx离线安装tensorflow-gpu2.2版本，同时搭建机器学习的环境,用户问题咨询,2
南大用户需要使用/share/apps下的gromacs,系统平台运维,0
"南京大学查询ib线降速命令报错
在南京大学集群登录节点c01n01-c01n03节点上，使用[root@c01n03~]#iblinkinfo-l|grep-icould出现报错src/query_smp.c:199;umad(DRpathslid0;dlid0;0,1,15,20,22,2,13Attr0x11:0)badstatu",系统平台运维,0
南信工lenovo集群突然断电，文件系统无法挂载,重大bug处理,3
南信工lenovo新集群dell存储故障查询报修,硬件运维,9
南信工lenovo新集群刀片故障查询报修,硬件运维,9
南信工胡老师在用户管理看到部分用户的有效期是没过期的时间，显示是过期的状态。,OG产品BUG,6
胖节点S002无法提交作业,系统平台运维,0
普通用户在部分节点没有互信,系统平台运维,0
清理ssd01上root文件,系统平台运维,0
"请问rpm文件在集群中应当如何安装？
此外，sudomakeinstall的命令应当如何实现。",用户问题咨询,2
取消Crash队列的Blade和Gold6148-40c-128g-Crash资源,系统平台运维,0
让商用车无法使用hyperworks，不影响股份这里,用户问题咨询,2
"如何给Matlab添加一个工具箱SCEM-UA？
是把这个工具箱的路径添加到环境变量里？还是把这个工具箱添加到Matlab的文件夹里？还是有其他的方法呢？
",用户问题咨询,2
软件运行缺少gmlib2.o库,系统平台运维,0
软件运行缺少gmlib2.o库,用户问题咨询,2
软硬件巡检，统计用户quota配置，统计目录权限,外地现场巡检,10
删除客户提供的excel中标黄的目录和文件,系统平台运维,0
商用车web页面服务打开，获取许可证失败,系统平台运维,0
商用车更换license,系统平台运维,0
商用车恢复optistruct,系统平台运维,0
商用车获取不到license,系统平台运维,0
上海超算云需要下载star-ccm安装包并上传到云平台,软件安装,1
设置gpfs用户和组配额，同时设置软限制提醒时间,系统平台运维,0
设置guest01用户禁止登录集群，期限俩个礼拜,系统平台运维,0
设置代理使得用户在其他地方可以连接galaxy，并且可以上网,用户问题咨询,2
深度学习软件在gpu05/gpu06无法运行，报cuda错误，在其余gpu节点正常,系统平台运维,0
深度学习软件在gpu05/gpu06无法运行，报cuda错误，在其余gpu节点正常,用户问题咨询,2
沈老师，之前集群用户101200002（gid=600(Phys)），想变更到gid=13052(shizhixiang)组中。,系统平台运维,0
沈老师之前集群用户101200002（gid=600(Phys)），想变更到gid=13052(shizhixiang)组中。,OG产品日常维护,5
"沈琳老师的ubuntu系统无法联网，无法安装gcc,报地址解析错误",硬件运维,9
沈琳老师反映win10虚拟机无法通过堡垒机登录测试,硬件运维,9
沈琳老师反映堡垒机里面两个设备使用的是同一个IP地址，导致操作无法进行,用户问题咨询,2
沈琳老师反映新建的虚拟机显示没有网络,用户问题咨询,2
沈琳老师反映用户的虚拟机无法登录，Xiaojinyu_ph1,用户问题咨询,2
沈琳老师需要查看gpu21的序列号,用户问题咨询,2
沈琳老师咨询云平台中的虚拟机如何使用图形界面,用户问题咨询,2
史同学windows10+v100渲染测试,系统平台运维,0
史同学windows10+v100渲染测试,系统平台运维,0
使用ftp无法打开集群上传下载文件,用户问题咨询,2
"收集gpud的sn号
pshgpudmidecode|grep""SystemInformation""-A9|egrep""Manufacturer|Product|Serial""",系统平台运维,0
输入命令行的前缀也发生了变化现在是“-bash-4.2”之前是“tzy@c0ln03,用户问题咨询,2
所有用户登录pbs后要等很久才能进入,系统平台运维,0
所有用户自己的账户无法登录到集群,系统平台运维,0
提交gpu作业资源利用率为0,用户问题咨询,2
提交matlab改为直接提交，不使用脚本,系统平台运维,0
提交matlab改为直接提交，不使用脚本,用户问题咨询,2
提交matlab作业报错,系统平台运维,0
提交matlab作业报错,用户问题咨询,2
提交到GPU节点的任务似乎没有正确使用gpu进行运算。,系统平台运维,0
提交了zncysfiwater.lsf输入文件利用高斯09计算提交至mpi队列，输出了.out，.err还有core.1450文件，最后一个是运行崩溃了吗,用户问题咨询,2
提交作业CUDAerror，allcudadevicearebusyorunavailable,用户问题咨询,2
提交作业报错核数不匹配,系统平台运维,0
提交作业报错核数不匹配,用户问题咨询,2
提交作业经常用到同一个节点，导致死机,用户问题咨询,2
添加xh_anyx和zhengfa用户到gpugroup中,系统平台运维,0
添加xh_anyx和zhengfa用户到gpugroup中,用户问题咨询,2
同一算例，CFD计算正常，作业号325328；RH用户计算失败，作业号324977,系统平台运维,0
统计/gs/scratch目录内容大小并做成excel排序好给奇瑞,系统平台运维,0
统计gs和gs2目录下所有用户的数据量和快照数据以及空闲空间,系统平台运维,0
统计集群各节点的硬件配置信息,系统平台运维,0
统计扩容cpu和gpu计算能力,系统平台运维,0
统计扩容cpu和gpu计算能力,用户问题咨询,2
统计用户和用户组容量大小，汇总成excel表,系统平台运维,0
图形节点远程登录看不到图形界面,用户问题咨询,2
图形节点运行卡顿,用户问题咨询,2
外接移动硬盘拷贝数据，挂载到集群上拷贝,系统平台运维,0
完ActiveTcl后其bin目录下可执行文件wish始终无法运行，提示缺少库文件libXss.so.1./wish:errorwhileloadingsharedlibraries:libXss.so.1:wrongELFclass:ELFCLASS32,用户问题咨询,2
网络异常，HPC平台所有节点掉线，网络恢复后无法提交作业,系统平台运维,0
"为避免我手动安装导致出错，我现在想直接用conda装pytorch，但发现并不能实现，报错如下，请问您有思路可以解决么？

(base)[shixq2@c01n01~]$condainstallpytorchtorchvisioncudatoolkit=10.1
Collectingpackagem",用户问题咨询,2
为新建客户创建目录并赋予权限,系统平台运维,0
文件系统配额问题处理,系统平台运维,0
"我们需在超算安装一些软件，但是没有连接外网的权限。
主要是需要mdtraj，prody和pandas（具体如下图所示）
能否请超算的工程师帮忙安装？",用户问题咨询,2
"我现在写的作业脚本无法，使用如下命令行，无法收到任务的邮件通知。
#BSUB-B
#BSUB-N
#BSUB-ujie.han@nju.edu.cn

",用户问题咨询,2
吴老师反馈自己的mgt节点无法通过vpn连接网络,用户问题咨询,2
物理学院hhwen账号创建,系统平台运维,0
物理学院用户liuhui无法登录,系统平台运维,0
现场巡检,本地现场巡检,4
现代工程学院haimlu/haimlu1/haimlu2账号创建,系统平台运维,0
"现工院yangyr4,yangyr5开户
杨玉荣组内成员上限10个已满，扩成11个",系统平台运维,0
现工院的陆海鸣老师需要在共享目录安装自购的商业软件,用户问题咨询,2
"现在我的问题是：pytorch无法调用GPU。
我装的pytorch版本对应的是cuda10.0，而且我看服务器上也是有/share/gpu-apps/cuda/10.0，但却没办法正常调用。

[shixq2@c01n01~]$python3.7
Python3.7.3(default,Mar272019,22",用户问题咨询,2
校外登录显示密码错误,用户问题咨询,2
校外用户jpu账号创建,系统平台运维,0
协助沈琳老师给新来的老师创建虚拟机账户,用户问题咨询,2
写“奇瑞项目图形节点实施计划”,系统平台运维,0
写web页面打开报错的事故报告,系统平台运维,0
新建的五个用户提交作业失败，报错：作业提交被拒绝,系统平台运维,0
新建的虚拟机显示没有网络,系统平台运维,0
新建用户无法使用,用户问题咨询,2
新增的caeope22节点RACK组测试发现optistruct应用无法计算,系统平台运维,0
行人保护在HPC上批量提交blade计算的时候，每次都会出现几个任务问题，像这次周六提交的同一批次计算，这个320867显示排队却不计算，还有后面这三个waiting的状态,系统平台运维,0
修改ddn存储管理端口ip,系统平台运维,0
修改OGCR告警中的标题为奥工科技,系统平台运维,0
修改root密码,用户问题咨询,2
修改zhaolan用户的密码,系统平台运维,0
修改用户Xj18897510的磁盘配额,系统平台运维,0
修改用户Xj18897510的磁盘配额,硬件运维,9
修改用户密码,系统平台运维,0
虚拟机系统部目录无法访问,系统平台运维,0
需要查看gpu21的序列号,系统平台运维,0
需要同时运行两个femfat作业,用户问题咨询,2
需要新增几个用户，并添加到对应的lsf组中,系统平台运维,0
学生参加比赛需要调用集群计算资源，需要暂停部分节点的作业调度功能,系统平台运维,0
学生参加比赛需要调用集群计算资源，需要暂停部分节点的作业调度功能,用户问题咨询,2
巡检发现334481的测试作业是W状态，此作业W状态已有几个礼拜,系统平台运维,0
巡检发现caeope23down,系统平台运维,0
询问pbs临时修改RH计算队列cpu核数上限的问题,用户问题咨询,2
询问windows的管理员密码,用户问题咨询,2
询问普通用户是否能登录云平台,用户问题咨询,2
验证上海超算云后处理登录是否正常,系统平台运维,0
扬大老师要求配置集群里面的slurm以便调度gpu,系统平台运维,0
一个用户abaqus相同的计算任务，使用4节点提交报错，单节点计算可以正常运行，感觉4节点中有异常情况,系统平台运维,0
异常节点踢出集群,系统平台运维,0
因南大之前ess存储不稳定，大部分用户数据迁移至ssd盘。导致/scratch下300T用了286,系统平台运维,0
因业务需要，现需要将陆圣梅lushengmei，严婷yanting，汪莹莹wangyingying，刘丽丽liulili，这四个用户的/gs目录存储空间定额由1T上调至3T,系统平台运维,0
应要求，介绍云平台以及高性能计算平台的设备位置以及组成状态,系统平台运维,0
应郑发老师要求，介绍云平台以及高性能计算平台的设备位置以及组成状态,用户问题咨询,2
用户10：00左右提交的作业在v100队列。经过一个小时的查看，发现整个队列没有改变,用户问题咨询,2
用户144核小集群新建用户后，无法通过堡垒机登录,系统平台运维,0
用户144小服务器license目前是够的，但是所有任务都在排队,系统平台运维,0
用户15个计算节点lsf挂了,系统平台运维,0
用户abu1报错libgfortran.so.3:version`GFORTRAN_1.4'notfound,用户问题咨询,2
用户abu2作业报错libifport.so.5库和libnetcdff.so.6缺少,用户问题咨询,2
用户abu下bashrc文件被学生修改后出现报错,用户问题咨询,2
"用户abu在/share/home/abu/WRF/WPS这个目录下进行./ungrib.exe时遇到
./ungrib.exe:errorwhileloadingsharedlibraries:libpng16.so.16:cannotopensharedobjectfile:Nosuchfileordirectory",用户问题咨询,2
用户adf作业十个是同时提交的，只有第一个正常在计算,用户问题咨询,2
用户c010和c012节点lsf程序异常,系统平台运维,0
用户c06n04节点有问题,用户问题咨询,2
用户CAEOPE09的pbsdown了,系统平台运维,0
用户company1账号密码过期,系统平台运维,0
"用户cp2k安装。安装要求：intelMKL+GNU9.3+openmpi
需要安装GPU版本，显卡限制V100",用户问题咨询,2
"用户cp2k作业报错Bydefault,forOpenMPI4.0andlater,infinibandportsonadevice
arenotusedbydefault.TheintentistouseUCXforthesedevices.
oucanoverridethispolicybysettingthebtl_openib_allow_ibMCAparameter
totrue.
",用户问题咨询,2
用户czhou171账号创建,系统平台运维,0
用户donghao登录失败，密码重置,系统平台运维,0
用户donghao有两个作业，一个作业需要用2个GPU和36核的CPU，另一个作业需要用2个GPU和12核的CPU,用户问题咨询,2
用户firefox打不开，提示noDISPLAYenvironmentvariablespecified,用户问题咨询,2
用户fluent运行报错,系统平台运维,0
用户fluent运行报错,用户问题咨询,2
"用户guoyang正常情况下20分钟就可以输出一组数据。但是在昨天16：00到今天11：00左右，程序只输出了5组数据。也就是说程序运行的速度只有正常情况下的十五分之一左右。
",用户问题咨询,2
用户haimlu安装AMS-Band2020，这个是我们学院购买的第一性原理计算的软件,用户问题咨询,2
"用户haimlu自购商业软件
因为lic收集问题
申请将软件装在集群共享目录下",系统平台运维,0
用户jianguo加入毕业生队列,系统平台运维,0
用户jiu2软件安装curleccodesesmfhdf5iculapacklib_icunetcdfnetcdf-cnetcdf-fortranpiopnetcdfszipxerces-czlib,软件安装,1
用户login01节点缺少库文件libusb-1.0.so.0,系统平台运维,0
用户luhuayu提交cesm作业至mpi队列，无法48核并行，只可以24核运行,用户问题咨询,2
用户lywang无法登陆，密码重置,用户问题咨询,2
用户minghuaic01n04上提交作业,系统平台运维,0
用户mmdetection软件无法安装，报错为GLIBCXX_3.4.18notfound,软件安装,1
用户node06和node12重启后无法连通,系统平台运维,0
用户panyiming批量提交了11个作业，其中一个作业无法计算，一直wait中,系统平台运维,0
用户pbsworks的starccm软件中几个图形文件，重新连接，点击之后，闪了一下，右边也没显示新的界面,系统平台运维,0
用户pengzh_N提交新冠队列作业有点问题，没有用满一个节点的80核，虽然busb-n80了，但是#BSUB-Rspan[ptile=24]，指定了一个节点使用24核,用户问题咨询,2
用户pengzhe提交作业之后，任务突然中断,系统平台运维,0
用户python3.5执行找不到库文件python3.5m.so.1.0,系统平台运维,0
用户qiqi的账户无法source~/.bashrc文件,系统平台运维,0
用户qiqi的账户无法source~/.bashrc文件,用户问题咨询,2
用户shixq报错信息：RuntimeError:CUDAoutofmemory.Triedtoallocate20.00MiB(GPU0;31.72GiBtotalcapacity;327.44MiBalreadyallocated;2.88MiBfree;366.00MiBreservedi,用户问题咨询,2
用户shixq如何在服务器上进行设置，使得可以通过python来调用matlab,用户问题咨询,2
"用户ssct17和ssct39申请quota磁盘改为2T,默认是1T",系统平台运维,0
用户ssct2在登录节点提交作业，造成登录节点卡顿。,用户问题咨询,2
用户sunan账号创建，现工院,系统平台运维,0
用户tangyuchuan的虚拟机无法登录,用户问题咨询,2
用户tangyuchuan的虚拟机无法登录,用户问题咨询,2
"用户vasp_gpu作业无法在GPU节点运行：
报错1：errorwhileloading:libnvToolsExt.so.1
报错2：errorwhileloading:libcudart.so.9.0",系统平台运维,0
"用户vasp_gpu作业无法在GPU节点运行：
报错1：errorwhileloading:libnvToolsExt.so.1
报错2：errorwhileloading:libcudart.so.9.0",用户问题咨询,2
"用户wangdm在使用计算资源的时候，需要用anaconda编译器，但是运行的时候需要root权限，可是我们没有权限，不知如何解决？
anaconda的话连不了网，没法通过pipinstall命令安装",用户问题咨询,2
用户wangq磁盘容量修改为2T,系统平台运维,0
用户windows云主机无法联网,系统平台运维,0
"用户wuj运行gpu作业报错\MPI_ABORTwasinvokedonrank0incommunicatorMPI_COMM_WORLDwitherrorcode1.
",用户问题咨询,2
用户xdliu1写脚本文件循环重新启动的方式开展计算时出现没有任何输出但计算仍然正常进行的问题,用户问题咨询,2
用户yangguanyu无法通过堡垒机登录hpc集群,用户问题咨询,2
用户yangguanyu无法通过堡垒机登录hpc集群,用户问题咨询,2
"用户yangjh安装phonopy和anaconda3
",软件安装,1
用户yangxp安装apex,用户问题咨询,2
"用户yangxp安装cleverhans，keras2.3.1,scipy-1.4.1,pymic,monai,tensorflow-gpu,torch,torchvision,SimpleITK-1.2.4,nibabel,medpy,dicom2nifti,batchgenerators，tensorboardX，apex,gurobi",用户问题咨询,2
用户yangxp安装图像分割依赖包,用户问题咨询,2
用户yangxp脚本报错ImportError:/lib64/libstdc++.so.6:version`GLIBCXX_3.4.21'notfound(requiredby/share/home/yangxp/anaconda3/lib/python3.7/site-packages/scipy/_lib/_uarray/_uarray.cpython-37m-x86_64-linux-gnu.so)”,用户问题咨询,2
"用户yangxp开户，数学系，gpu资源权限
xpyang@nju.edu.cn,抄送nieziwei@nju.edu.cn",系统平台运维,0
"用户yangxp想要在中心的服务器上配置一个python环境，但发现无法使用pip,conda等命令下载安装软件包。想咨询一下该如何解决这个问题。",用户问题咨询,2
"用户yangxp需要pip安装软件，python版本3.7,没有对应的pip3",用户问题咨询,2
用户yangxp要求安装cuda10.1,用户问题咨询,2
用户ycsun登录卡顿，命令卡顿,用户问题咨询,2
用户ygy_jzy无法提交gpu作业到gpu_v100队列,用户问题咨询,2
用户ygy_jzy无法提交gpu作业到gpu_v100队列,用户问题咨询,2
用户yky没有堡垒机，无法直接拷贝数据下来,系统平台运维,0
用户yky没有堡垒机，无法直接拷贝数据下来,用户问题咨询,2
"用户yliang2软件报错
RuntimeError:hmmscanreturned1:'python3.5.3/lib/python3.5/site-packages/antismash/databases/resfam/Resfams.hmm:usehmmpressfirst'whilescanning'>ctg1_81\nMQQDGTQQDRIKQSPAPLNGMSRRGFLGGAGTLALATASGLLLPGTAHAATTITTNQTGTDGMYYSFW",用户问题咨询,2
用户yliang2软件依赖包版本更换,用户问题咨询,2
"用户yuankw
Cannotfindanexact(case-sensitive)matchfor'leapYear'
Theclosestmatchis:leapyearin
/share/apps/matlab2019b/toolbox/aero/aero/leapyear.m

ErrorinncExtract(line119)
dayLeapyear=sum(leapYear(s",用户问题咨询,2
用户yuchen无法登录gpu01节点,系统平台运维,0
用户yuchen无法登录gpu01节点,用户问题咨询,2
用户zhanghuiyan这个云主机非常卡，查看CPU利用率100%,用户问题咨询,2
用户zhouyz文件读写慢,用户问题咨询,2
"用户zouzq提出权限提高计算优先级。希望提高在mpi队列的优先级。
",用户问题咨询,2
用户安装scaden软件遇到报错,系统平台运维,0
用户安装starccm中文插件，提交显示乱码,用户问题咨询,2
"用户安装wrf报错ld:warning:libirng.so,neededby/share/apps/netcdf/4.4_intel/lib/libnetcdf.so,notfound(tryusing-rpathor-rpath-link)
ld:diffwrf:hiddensymbol`__intel_cpu_features_init_x'in/share/apps/intel/intel_2018u4/compilers_and_lib",用户问题咨询,2
用户安装软件时报找不到libpyspg,软件安装,1
用户办公室其他连接集群的电脑无法访问集群的ganglia页面和pac页面,用户问题咨询,2
用户堡垒机无法登录,系统平台运维,0
用户堡垒机无法登录,用户问题咨询,2
用户编译安装ShengBTE软件失败,系统平台运维,0
用户编译安装ShengBTE软件失败,系统平台运维,0
用户编译报错，ldcannotfind-llapack,系统平台运维,0
用户编译报错，ldcannotfind-llapack,用户问题咨询,2
用户不会使用lsf作业调度系统，需要培训,用户问题咨询,2
"用户部分作业计算输出结果慢，并给出了俩个有效作业号316864
316573",系统平台运维,0
用户测试节点需要挂载/gs2目录,系统平台运维,0
用户超算上的高斯软件计算的任务，如果程序报错，就会产生一个100GB左右大小的core文件，非常占用硬盘空间,用户问题咨询,2
用户陈老师反应集群添加新用户后，部分旧用户的家目录权限会改变为新用户权限,用户问题咨询,2
用户磁盘空间indoubt使用量很大,用户问题咨询,2
用户从/data4中拷贝文件到/data2时出现了“mv:settingattribute‘security.selinux’for‘security.selinux’:Operationnotpermitted”警告,系统平台运维,0
用户从U盘拷贝到集群中的文件没有访问权限,用户问题咨询,2
用户从U盘拷贝到集群中的文件没有访问权限,用户问题咨询,2
用户的任务是和别的老师的任务在同一块gpu下竞争的。我想咨询一下这是否正常，或者有用户操作不太规范,用户问题咨询,2
用户登录pbsweb页面，卡在载入服务器，无法登录pbsworks,重大bug处理,3
用户登录到计算节点默认出现top命令，无法直接使用,用户问题咨询,2
用户登录节点存储没挂载,系统平台运维,0
用户登录节点登录提示密码错误，且失败次数过多，无法输入密码,系统平台运维,0
用户登录提示base,用户问题咨询,2
用户登录有abrt-clienttimeout报错,用户问题咨询,2
用户多节点作业跑不起来,系统平台运维,0
用户反馈49节点测试的作业，状态一直是排队,系统平台运维,0
"用户反馈hanchenyang用户无法提交作业，提交时报错如下：
qsub:Jobrejectedbyallpossibledestinations",用户问题咨询,2
用户反馈一直在操作，也会出现锁屏现象,系统平台运维,0
用户反馈作业大批量计算异常，提交后作业退出,系统平台运维,0
用户反应pbs页面无法显示作业,系统平台运维,0
用户反应集群停电重启后均无法使用,系统平台运维,0
用户反应其他用户使用mpi调用zmp账户下的文件报错,系统平台运维,0
用户反应图形节点桌面黑屏,系统平台运维,0
用户反映c06n04节点有问题,用户问题咨询,2
用户反映mmdetection软件无法安装，报错为GLIBCXX_3.4.18notfound,系统平台运维,0
用户反映windows云主机无法联网,用户问题咨询,2
用户反映zhanghuiyan这个云主机非常卡，查看CPU利用率100%,用户问题咨询,2
用户反映安装软件时报找不到libpyspg,用户问题咨询,2
用户反映堡垒机无法登录虚拟机,系统平台运维,0
用户反映几台虚拟机无法登录,用户问题咨询,2
用户反映使用堡垒机登录经常掉线,系统平台运维,0
用户反映提交的作业排队时间过长,系统平台运维,0
用户反映无法改了root密码以后无法登录服务器,系统平台运维,0
用户反映无法连接linux虚拟机,用户问题咨询,2
用户反映无法使用zip、unzip、lrzsz命令,用户问题咨询,2
用户反映新账户lpc409_wuyi无法计算ansys作业,用户问题咨询,2
用户反映虚拟机里面的用户只有只读权限,用户问题咨询,2
用户反映云主机yjzhang内存无法扩容到32G,系统平台运维,0
用户告知49节点CPU已换，恢复16核，需要调整下资源池，正常投入使用,系统平台运维,0
用户告知c01n04和05节点作业运行异常，服务器运行缓慢,系统平台运维,0
用户告知chidm账户无法通过sftp上传文件，换其他软件不行，换其他账号可以,系统平台运维,0
用户告知lico新建的用户无法登录到计算节点,系统平台运维,0
用户告知MacBook无法ssh到登录节点，并给出截图,系统平台运维,0
用户告知mn02节点无法开机；所有节点的gpfs没有挂载,系统平台运维,0
用户告知s002节点lsf故障,系统平台运维,0
用户告知登录节点卡顿,系统平台运维,0
用户告知运行作业时报错，报缺少libpng12.so.0库文件,软件安装,1
用户更换堡垒机二级验证手机号,系统平台运维,0
用户华为云平台多节点提交作业失败,系统平台运维,0
用户集群中有六台服务器的IB网络不通,用户问题咨询,2
用户几台虚拟机无法登录,用户问题咨询,2
用户计算节点跑作业经常宕机,系统平台运维,0
用户计算慢,用户问题咨询,2
用户将其中一个节点安装为windows，本次需求改回linux并添加回集群,系统平台运维,0
用户卡死，无法登录，重启后所有节点gpfs挂上不上,用户问题咨询,2
用户每次登陆都需要输密码,系统平台运维,0
用户每次登陆都需要输密码,用户问题咨询,2
"用户名：veiga5

软件需求：
1.R3.6.0以及的packages如下
安装路径：~/apps/R3.6.0
RFmergehttps://cran.r-project.org/web/packages/RFmerge/index.html
data.table
ncdf4
ggplot2
gridExtra
plyr",用户问题咨询,2
用户目录权限问题,系统平台运维,0
用户配置设置,用户问题咨询,2
用户软件paraview打不开图形,用户问题咨询,2
用户软件不运行直接退出,用户问题咨询,2
用户软件使用报错，缺少ImportError:/lib64/libstdc++.so.6:version`GLIBCXX_3.4.21'notfound,系统平台运维,0
用户删除文件后空间没有释放,用户问题咨询,2
用户申请创建四台ubuntu系统,系统平台运维,0
用户申请创建四台ubuntu系统,系统平台运维,0
"用户使用nvidia-smi可以看到gpu在使用
使用bqueues-l无法看到gpu在使用",系统平台运维,0
"用户使用nvidia-smi可以看到gpu在使用
使用bqueues-l无法看到gpu在使用",用户问题咨询,2
用户使用R计算时一直弹出警告行,系统平台运维,0
用户使用堡垒机登录经常掉线,用户问题咨询,2
用户提出将win10主机的系统盘从40G扩容到100G,系统平台运维,0
用户提出作业无法提交,用户问题咨询,2
用户提交abaqus作业随机性失败,系统平台运维,0
用户提交的作业排队时间过长,用户问题咨询,2
用户提交图形作业W状态,系统平台运维,0
用户提交作业Cannotfindrestartedornewlysubmittedjob'ssubmissionhostandhosttype.Jobnotsubmitted.,系统平台运维,0
用户提交作业mpirun报错,系统平台运维,0
用户提交作业mpirun报错,用户问题咨询,2
用户提交作业报错不能载入应用程序定义,用户问题咨询,2
用户提交作业报错不能载入应用程序定义,用户问题咨询,2
用户提交作业到caeope22节点总是wait,系统平台运维,0
用户提交作业发现有资源但是一直排队,用户问题咨询,2
用户提交作业后一直等待,系统平台运维,0
用户提交作业失败，提示无法上传算例,用户问题咨询,2
用户提交作业无法运行，showq中作业状态为blocked,系统平台运维,0
用户通过脚本直接登入集群下载文件,系统平台运维,0
用户通过脚本直接登入集群下载文件,用户问题咨询,2
用户无法打开firefox,用户问题咨询,2
用户无法打开firefox，收集节点日志,用户问题咨询,2
用户无法改了root密码以后无法登录服务器,系统平台运维,0
用户无法连接linux虚拟机,用户问题咨询,2
用户无法使用zip、unzip、lrzsz命令,系统平台运维,0
用户无法提交作业,系统平台运维,0
用户无法提交作业到新增队列6240-36C-192G,系统平台运维,0
用户无法提交作业到新增队列6240-36C-192G,用户问题咨询,2
用户无法通过堡垒机登录ubuntu虚拟机,硬件运维,9
用户无法在gpu05上面打开vncserver提交作业,用户问题咨询,2
用户无法执行lsll等命令。,系统平台运维,0
用户新增Preonlab的集成需求，需要在页面上提交文件夹的拖拽框,系统平台运维,0
用户新账户lpc409_wuyi无法计算ansys作业,系统平台运维,0
用户虚拟机里面的用户只有只读权限,系统平台运维,0
用户需求，gpu11节点连接办公室路由器，节点上网,用户问题咨询,2
"用户需要安装adf2017在共享目录
/share/home/wangdh1/apps/adf2017.114.pc64_linux.intelmpi.bin.tgz",用户问题咨询,2
用户需要安装cmake3.16版本以上,软件安装,1
用户需要安装cmake3.7版本,软件安装,1
用户需要安装GangSTR-2.5.0,软件安装,1
用户需要安装pgi编译器社区版,软件安装,1
用户需要安装tensorflow2.2.0版本,软件安装,1
用户需要给办公室另一台连接集群的电脑访问集群的ganglia页面和pac页面,用户问题咨询,2
用户需要挂载exfat的移动介质,软件安装,1
用户需要挂载本地硬盘到login02节点，并拷贝数据到用户家目录,用户问题咨询,2
用户需要挂载本地硬盘到login02节点，并拷贝数据到用户家目录,远程巡检,7
"用户需要将c02n03节点安装成centos7.6的操作系统
c02n03节点是IBMBCH刀片",系统平台运维,0
用户需要禁止guest01ssh到s001和s003节点,系统平台运维,0
用户需要清理pbs缓存一个月以上的文件,系统平台运维,0
用户需要使用gpu提交作业加速,用户问题咨询,2
用户需要在GPU节点安装java环境,系统平台运维,0
用户需要在平台上安装gcc9.2.0和openmpi-4.0.2，并且增加module调用环境变量；,软件安装,1
用户询问mpi相关的问题,用户问题咨询,2
用户询问如何通过命令终止bsub提交的作业,用户问题咨询,2
用户要求login01节点安装zsh,系统平台运维,0
用户要求安装plumed软件,软件安装,1
用户要求安装plumed软件,软件安装,1
用户要求把guest01设置只允许登录s002和login01节点,系统平台运维,0
用户要求更新运维手册,系统平台运维,0
用户要求拷贝目录，/gs2/home/mengfanliangto/gs/home/mengfanliang,系统平台运维,0
"用户要求拷贝目录，把/gs2/home/sunli目录的数据拷贝到/gs/home/sunli，以及/gs2/home/xushuangto/gs/home/xushuang
/gs2/home/wangliangto/gs/home/wangliang
/gs2/home/changjingjingto/gs/home/changjingjing",用户问题咨询,2
用户要求在gpu节点安装jdk1.8,系统平台运维,0
用户要求在gpu节点安装jdk1.8,用户问题咨询,2
用户要求在HPC平台中安装rar压缩工具,系统平台运维,0
用户要求在HPC平台中安装rar压缩工具,用户问题咨询,2
用户要求在login01安装ntfs-3g,软件安装,1
用户用addcluster.sh创建的新用户，只可以登录到login节点，无法登录到其他节点,系统平台运维,0
用户云主机yjzhang内存无法扩容到32G,系统平台运维,0
"用户运行路径：/share/home/shixq2/bin/UTCHEM93/source
执行命令：make-fMakev93
报错：
f77-r8-O-c-oads0.oads0.f
make:f77:Commandnotfound
make:***[ads0.o]Error127
",用户问题咨询,2
用户运行一个软件报错提示有库依赖的问题：errorwhileloadingsharedlibraries:libpng12.so.0:cannotopensharedobjectfile:Nosuchfileordirectory,系统平台运维,0
用户在mgt节点无法ftp150.109.63.63,系统平台运维,0
用户在服务器上通过matlab调用python，但是却报错Unabletoresolvethenamepy.read_data_linux.read_input,用户问题咨询,2
用户在使用python过程中报错，报缺少numpy模块,系统平台运维,0
用户账号创建kewang,系统平台运维,0
用户执行python程序提示缺少sklearn包,系统平台运维,0
用户执行python程序提示缺少sklearn包,硬件运维,9
用户只能同时提交1个femfat作业，提交第二个会报错,用户问题咨询,2
用户重新安装操作系统后需要挂载gpfs,系统平台运维,0
用户重新安装操作系统后需要挂载gpfs,系统平台运维,0
用户作业mpi队列一直PEND状,用户问题咨询,2
"用户作业计算报错，无法正常计算
",用户问题咨询,2
用户作业提交后一直排队，同时pbsworks上查看不到提交的作业以及历史作业,系统平台运维,0
用户作业提交一直处于wait状态,系统平台运维,0
用户作业退出后没有生成文件,用户问题咨询,2
用户作业退出慢，回传慢,用户问题咨询,2
用户作业无法kill,用户问题咨询,2
用户作业无法报错，无法找到目录，提示节点caeope56/57/60三个节点故障,系统平台运维,0
用户作业无法提交,用户问题咨询,2
用户作业无法在页面删除,系统平台运维,0
用户作业显示中断的error文件,用户问题咨询,2
由于4月为需求量大月份，调整WT-STR组的最大核数上限调整到320核，4.10号调整到期后，恢复原状,用户问题咨询,2
有几位项目经理没有权限访问/gs2/CAE-share/PMT-share目录,用户问题咨询,2
有用户提出部分节点运行作业时报错，报“Error:yoursystemdoesnotsupportmulti-threadedanalysis.Pleaseremovethe--threadargument”,用户问题咨询,2
有用户提交作业到nastran-smp，无法跑满16核，只能跑1核,系统平台运维,0
有用户提交作业一直处于wait状态,系统平台运维,0
有用户作业计算完退出变慢,系统平台运维,0
余小金老师windows虚拟机登录,软件安装,1
与研发讨论编写奇瑞ogcr监控清单,系统平台运维,0
遇到报错configure:error:cannotrun/bin/bashconfig/config.sub,用户问题咨询,2
"原地科用户gukai，加入xdliu组
uid=1131(gukai)gid=65528(earth)groups=65528(earth),1131(gukai",系统平台运维,0
原有资源统计核对,系统平台运维,0
云平台扩容zhanghuiyan的虚拟机C盘大小,系统平台运维,0
云平台扩容zhanghuiyan的虚拟机C盘大小,用户问题咨询,2
云平台云主机C盘满了，需要扩展,系统平台运维,0
云平台云主机C盘满了，需要扩展,用户问题咨询,2
云平台云主机网段调整,系统平台运维,0
云平台云主机网段调整,系统平台运维,0
云上节点提交作业报错，缺少库文件,软件安装,1
云主机配置了DNS后无法正常开机,用户问题咨询,2
运行matlab作业无法提交,系统平台运维,0
运行matlab作业无法提交,用户问题咨询,2
运行VirtualGLwithvnc无法使用,用户问题咨询,2
运行报错couldn'topenthehelpfile,系统平台运维,0
运行报错couldn'topenthehelpfile,用户问题咨询,2
运行脚本时发现空间可能不足，出现了报错磁盘不足的情况，暂时扩容/scratch上的空间（至3TB）。在中午运行脚本时仍有报错，此时/scratch空间占用1T,用户问题咨询,2
在36c节点上提交作业只能使用28c,系统平台运维,0
在36c节点上提交作业只能使用28c,用户问题咨询,2
在gpu08节点上部署ufx，创建新用户，并编写登录使用手册供奇瑞测试,系统平台运维,0
在zstack新建一个名为safe-win10的虚拟机镜像模板，要求默认系统磁盘空间200G、开启防火墙、开启远程桌面、禁用administrator用户、创建系统管理员用户seu_admin、默认密码：seu@Passw0rd01!,系统平台运维,0
在zstack新建一个名为safe-win10的虚拟机镜像模板，要求默认系统磁盘空间200G、开启防火墙、开启远程桌面、禁用administrator用户、创建系统管理员用户seu_admin、默认密码：seu@Passw0rd01!,系统平台运维,0
在zstack云平台中创建win7虚拟机并制作成qcow2模板,系统平台运维,0
在zstack云平台中创建win7虚拟机并制作成qcow2模板,系统平台运维,0
在存储中rm命令删除需要1分半才能删除,用户问题咨询,2
在吗，172.16.10.29这台虚拟机密码多少,用户问题咨询,2
张老师windows服务器608080812021开放,系统平台运维,0
账号lililei3创建,系统平台运维,0
账号peiyw创建,系统平台运维,0
账号schen1创建,系统平台运维,0
"账号shuhua无法写入文件。打开文件报错writeerrorinswapfile
vim写入文件writeerror(filesystemfull?)",用户问题咨询,2
账号不能跨节点，互信出现问题。,系统平台运维,0
整理19年12月和20年1、2、3月的paramgr组用户计费表格,OG产品日常维护,5
郑发老师堡垒机账号需要设置为管理员账号,用户问题咨询,2
郑发老师反映windows云主机无法挂载1T的云硬盘，存储管理中识别不到,用户问题咨询,2
郑发老师反映windows云主机无法远程，打开是黑屏,用户问题咨询,2
郑发老师反映堡垒机的系统账号无法创建成功,用户问题咨询,2
郑发老师反映云主机配置了DNS后无法正常开机,用户问题咨询,2
郑发老师反映自己使用堡垒机登录log节点不是管理员权限,用户问题咨询,2
郑发老师使用堡垒机无法以管理员权限登录,用户问题咨询,2
郑发老师询问windows的管理员密码,用户问题咨询,2
郑发老师询问普通用户是否能登录云平台,用户问题咨询,2
指导用户安装使用softethervpn,系统平台运维,0
指导用户调整作业优先级,用户问题咨询,2
指导用户给目录加acl权限,系统平台运维,0
指导用户使用vnc打开starccm++,系统平台运维,0
中午十二点左右，收到焦双通知，CAELNSE1节点无法登录，节点卡死。,系统平台运维,0
中肿ldap用户密码修改（38个），并迁移到新ldap中,系统平台运维,0
重新安装c01n05节点,系统平台运维,0
重新安装caegns06操作系统,系统平台运维,0
重新编译安装lammps,系统平台运维,0
重新编译安装lammps,用户问题咨询,2
重置ailiwang密码,用户问题咨询,2
重装login01节点,系统平台运维,0
重装s001,系统平台运维,0
重装telsap4的驱动,软件安装,1
咨询云平台中的虚拟机如何使用图形界面,用户问题咨询,2
自己使用堡垒机登录log节点不是管理员权限,系统平台运维,0
作业249305无法kill,系统平台运维,0
作业3439993异常中断,用户问题咨询,2
作业结果没有输出,用户问题咨询,2
作业排队未计算,用户问题咨询,2
作业显示正常运行，但是没有作业输出,用户问题咨询,2
作业运行一段时间被自动kill,用户问题咨询,2
作业占用5个gpu节点，但只有gpu05上有java进程,用户问题咨询,2
